Normalized,Hymn Number,Meter,Original,Easy Fix
"Watts, I",1,C.M.,I. Watts,TRUE
"Watts, I",2,C.M.,I. Watts,TRUE
"Burnham, R",3,L.M.,R. BURNHAM,TRUE
"Watts, I",4,C.M.,I. Watts,TRUE
"Watts, I",5,C.M.,I. Watts,TRUE
"Beddome, B",6,L.M.,B. BEDDOME,TRUE
"Medley, S",7,C.M.,S. Medley,TRUE
"Beddome, B",8,L.M.,B. BEDDOME,TRUE
"Medley, S",9,L.M.,S. Medley,TRUE
"Kent, J",10,L.M.,J. Kent,TRUE
"Stocker, J",11,11S,J. STOCKER,TRUE
"Burnham, R",12,8S,R. BURNHAM,TRUE
"Hart, J",13,C.M.,J. Hart,TRUE
"Watts, I",14,C.M.,I. Watts,TRUE
"Needham, J",15,C.M.,I. WATTS & J. NEEDHAM,FALSE
"Watts, I",15,C.M.,I. WATTS & J. NEEDHAM,FALSE
"Burnham, R",16,C.M.,R. Burnham,TRUE
"Tucker, W",17,L.M.,W. Tucker,TRUE
"Watts, I",18,L.M.,I. Watts,TRUE
"Watts, I",19,C.M.,I. Watts,TRUE
"Watts, I",20,L.M.,I. Watts,TRUE
"Watts, I",21,L.M.,I. Watts,TRUE
"Watts, I",22,L.M.,I. Watts,TRUE
"Hart, J",23,C.M.,J. Hart,TRUE
"Watts, I",24,C.M.,I. Watts,TRUE
"Watts, I",25,C.M.,I. Watts,TRUE
"Watts, I",26,L.M.,I. Watts,TRUE
"Hart, J",27,S.M.,J. Hart,TRUE
"Hart, J",28,C.M.,J. Hart,TRUE
"Hart, J",29,8.8.6.,J. Hart,TRUE
"Hart, J",30,C.M.,J. Hart,TRUE
"Hart, J",31,C.M.,J. Hart,TRUE
"Hart, J",32,C.M.,J. Hart,TRUE
"Watts, I",33,L.M.,I. Watts,TRUE
"Hart, J",34,L.M.,J. Hart,TRUE
"Wesley, C",35,6.4.,C. Wesley,TRUE
"Wesley, C",36,7S,C. WESLEY,TRUE
"Wesley, C",37,148TH,C. Wesley,TRUE
"Watts, I",38,S.M.,I. Watts,TRUE
"Hart, J",39,C.M.,J. Hart,TRUE
"Hart, J",40,11S,J. Hart,TRUE
"Schlict, E L",41,11S,E. L. SCHLICT,TRUE
"Stennett, S",42,C.M.,S. STENNETT,TRUE
"Newton, J",43,8.7.4.,J. Newton,TRUE
"Maxwell, J",44,L.M.,J. Maxwell,TRUE
"Hart, J",45,C.M.,J. Hart,TRUE
"Watts, I",46,C.M.,I. Watts,TRUE
"Watts, I",47,L.M.,I. Watts,TRUE
"Watts, I",48,L.M.,I. Watts,TRUE
"Berridge, J",49,L.M.,J. BERRIDGE,TRUE
"Watts, I",50,S.M.,I. Watts,TRUE
"Stennett, S",51,C.M.,S. STENNETT,TRUE
"Gospel Mag., 1777",52,11S,"GOSPEL MAG., 1777",FALSE
"Watts, I",53,L.M.,I. Watts,TRUE
"Watts, I",54,C.M.,I. Watts,TRUE
"Humphreys, J",55,C.M.,J. HUMPHREYS,TRUE
"Watts, I",56,C.M.,I. Watts,TRUE
"Watts, I",57,L.M.,I. Watts,TRUE
"Watts, I",58,C.M.,I. Watts,TRUE
"Wesley, C",59,148TH,C. Wesley,TRUE
"Burnham, R",60,148TH,R. Burnham,TRUE
"Burnham, R",61,L.M.,R. Burnham,TRUE
"Clarke, W A",62,L.M.,W. A. CLARKE,TRUE
"Watts, I",63,C.M.,I. Watts,TRUE
"Ryland, J",64,7S,J. RYLAND,TRUE
"Tucker, W",65,L.M.,W. Tucker,TRUE
"Tucker, W",66,L.M.,W. Tucker,TRUE
"Adams, J",67,8.8.6.,J. Adams,TRUE
"Toplady, A M",68,11S IRREG.,A. M. Toplady,TRUE
"Gospel Mag., 1777",69,8.7.4.,"GOSPEL MAG., 1777",FALSE
"Wesley, C",70,S.M.,C. Wesley,TRUE
"Watts, I",71,C.M.,I. Watts,TRUE
"Watts, I",72,L.M.,I. Watts,TRUE
"Watts, I",73,L.M.,I. Watts,TRUE
"Watts, I",74,C.M.,I. Watts,TRUE
"Watts, I",75,L.M.,I. Watts,TRUE
"Kent, J",76,L.M.,J. Kent,TRUE
"Hart, J",77,7.5.,J. Hart,TRUE
"Tucker, W",78,L.M.,W. Tucker,TRUE
"Watts, I",79,S.M.,I. Watts,TRUE
"Humphreys, J",80,7S,J. HUMPHREYS,TRUE
"Berridge, J",81,S.M.,J. BERRIDGE,TRUE
"Wallin, B",82,L.M.,B. Wallin,TRUE
"Watts, I",83,L.M.,I. Watts,TRUE
"Doddridge, P",84,C.M.,P. DODDRIDGE,TRUE
"Watts, I",85,C.M.,I. Watts,TRUE
"Gospel Mag., 1778",86,S.M.,"GOSPEL MAG., 1778",FALSE
"Kent, J",87,148TH,J. Kent,TRUE
"Hart, J",88,L.M.,J. Hart,TRUE
"Hart, J",89,112TH,J. Hart,TRUE
"Langford, J",90,7S,J. LANGFORD,TRUE
"Newton, J",91,L.M.,J. Newton,TRUE
"Watts, I",92,L.M.,I. Watts,TRUE
"Evans, J",93,8.7.4.,J. Evans,TRUE
"Watts, I",94,C.M.,I. Watts,TRUE
"Steele, A",95,C.M.,A. Steele,TRUE
"Rothe, J A",96,112TH,J. A. ROTHE TRANSLATED BY J. WEEKS,FALSE
"Wesley, C",97,L.M.,C. Wesley,TRUE
"Wesley, C",98,7.6.8.,C. Wesley,TRUE
"Adams, J",99,7S,J. Adams,TRUE
"Watts, I",100,C.M.,I. Watts,TRUE
"Berridge, J",101,C.M.,J. Berridge,TRUE
"Hart, J",102,148TH,J. Hart,TRUE
"Zinzendorf, C",103,L.M.,COUNT ZINZENDORF TRANS. BY J. WEEKS,FALSE
"Hart, J",104,8.3.,J. Hart,TRUE
"Hart, J",105,C.M.,J. Hart,TRUE
"Hart, J",106,L.M.,J. Hart,TRUE
"Hart, J",107,C.M.,J. Hart,TRUE
"Hart, J",108,C.M.,J. Hart,TRUE
"Watts, I",109,C.M.,I. Watts,TRUE
"Watts, I",110,S.M.,I. Watts,TRUE
"Watts, I",111,C.M.,I. Watts,TRUE
"Watts, I",112,L.M.,I. Watts,TRUE
"Kent, J",113,L.M.,J. Kent,TRUE
"Berridge, J",114,S.M.,J. Berridge,TRUE
"Berridge, J",115,L.M.,J. Berridge,TRUE
"Bradford, J",116,7S,J. BRADFORD,TRUE
"Toplady, A M",117,C.M.,A. M. TOPLADY,TRUE
"Cennick, J",118,C.M.,J. Cennick,TRUE
"Newton, J",119,C.M.,J. Newton,TRUE
"Watts, I",120,C.M.,I. Watts,TRUE
"Watts, I",121,C.M.,I. Watts,TRUE
"Watts, I",122,148TH,I. Watts,TRUE
"Watts, I",123,L.M.,I. Watts,TRUE
"Watts, I",124,C.M.,I. Watts,TRUE
"Watts, I",125,S.M.,I. Watts,TRUE
"Watts, I",126,C.M.,I. Watts,TRUE
"Wesley, C",127,148TH,C. Wesley,TRUE
"Newton, J",128,C.M.,J. Newton,TRUE
"Hart, J",129,104TH,J. Hart,TRUE
"Hart, J",130,S.M.,J. Hart,TRUE
"Wesley, C",131,7.7.4.,C. Wesley,TRUE
"Swain, J",132,C.M.,J. Swain,TRUE
"Newton, J",133,8.7.7.,J. Newton,TRUE
"Brewer, J",134,L.M.,J. Brewer,TRUE
"Newton, J",135,C.M.,J. Newton,TRUE
"Steele, A",136,C.M.,A. Steele,TRUE
"Wesley, C",137,8.8.6.,C. WESLEY (LAST VERSE UNKNOWN),FALSE
"Doddridge, P",138,C.M.,P. DODDRIDGE,TRUE
"Watts, I",139,C.M.,I. Watts,TRUE
"Watts, I",140,S.M.,I. Watts,TRUE
"Watts, I",141,C.M.,I. Watts,TRUE
"Watts, I",142,L.M.,I. Watts,TRUE
"Toplady, A M",143,7S,A. M. TOPLADY,TRUE
"Cennick, J",144,L.M.,J. Cennick,TRUE
"Kent, J",145,7S,J. Kent,TRUE
"Berridge, J",146,148TH,J. Berridge,TRUE
"Berridge, J",147,7S,J. BERRIDGE,TRUE
"Berridge, J",148,8.8.6.,J. Berridge,TRUE
"Berridge, J",149,8.8.6.,J. Berridge,TRUE
"Berridge, J",150,104TH,J. Berridge,TRUE
"Hart, J",151,C.M.,J. Hart,TRUE
"Hart, J",152,S.M.,J. Hart,TRUE
"Hart, J",153,L.M.,J. Hart,TRUE
"Hart, J",154,7S,J. Hart,TRUE
"Hart, J",155,104TH,J. Hart,TRUE
"Hart, J",156,C.M.,J. Hart,TRUE
"Burnham, R",157,8.7.,R. Burnham,TRUE
"Allen, J",158,8.7.,J. ALLEN & W. SHIRLEY,FALSE
"Shirley, W",158,8.7.,J. ALLEN & W. SHIRLEY,FALSE
"Swain, J",159,8S,J. Swain,TRUE
"Cowper, W",160,C.M.,W. Cowper,TRUE
"Wesley, C",161,11S,C. Wesley,TRUE
"Swain, J",162,8S,J. Swain,TRUE
"Cennick, J",163,8.8.6.,J. Cennick,TRUE
"Watts, I",164,L.M.,I. Watts,TRUE
"Watts, I",165,C.M.,I. Watts,TRUE
"Watts, I",166,L.M.,I. Watts,TRUE
"Watts, I",167,S.M.,I. Watts,TRUE
"Watts, I",168,C.M.,I. Watts,TRUE
"Berridge, J",169,C.M.,J. Berridge,TRUE
"Berridge, J",170,7S,J. BERRIDGE,TRUE
"Medley, S",171,L.M.,S. Medley,TRUE
"Medley, S",172,L.M.,S. Medley,TRUE
"Medley, S",173,L.M.,S. Medley,TRUE
"Medley, S",174,L.M.,S. Medley,TRUE
"Adams, J",175,L.M.,J. Adams,TRUE
"Medley, S",176,C.M.,S. Medley,TRUE
"Berridge, J",177,7S,J. BERRIDGE,TRUE
"Berridge, J",178,8.8.6.,J. Berridge,TRUE
"Hart, J",179,7S,J. Hart,TRUE
"Hart, J",180,8.7.,J. Hart,TRUE
"Hart, J",181,C.M.,J. Hart,TRUE
"Hart, J",182,112TH,J. Hart,TRUE
"Kent, J",183,8S,J. Kent,TRUE
"Fawcett, J",184,104TH,J. Fawcett,TRUE
"Watts, I",185,S.M.,I. Watts,TRUE
"Watts, I",186,C.M.,I. Watts,TRUE
"Burnham, R",187,7S,R. BURNHAM,TRUE
"Cowper, W",188,C.M.,W. Cowper,TRUE
Rozzell,189,C.M.,Rozzell,FALSE
"Watts, I",190,C.M.,I. Watts,TRUE
"Burnham, R",191,C.M.,R. Burnham,TRUE
"Watts, I",192,C.M.,I. Watts,TRUE
"Newton, J",193,C.M.,J. Newton,TRUE
"Wallin, B",194,C.M.,B. Wallin,TRUE
"Medley, S",195,L.M.,S. Medley,TRUE
"Newton, J",196,S.M.,J. Newton,TRUE
"Toplady, A M",197,104TH,A. M. TOPLADY,TRUE
"Newton, J",198,C.M.,J. Newton,TRUE
"Robinson, R",199,8.7.,R. Robinson,TRUE
"Paice, H",200,L.M.,"H. PAICE, 1798",FALSE
"Doddridge, P",201,S.M.,P. DODDRIDGE,TRUE
"Newton, J",202,C.M.,J. Newton,TRUE
"Burnham, R",203,S.M.,R. Burnham,TRUE
"A. C. R., 1790",204,L.M.,"A. C. R., 1790",FALSE
"Adams, J",205,8.7.4.,J. Adams,TRUE
"Gospel Mag., 1777",206,C.M.,"GOSPEL MAG., 1777",FALSE
"Watts, I",207,C.M.,I. Watts,TRUE
"Adams, J",208,8.7.4.,J. Adams,TRUE
"Greene, T",209,C.M.,T. Greene,TRUE
"Watts, I",210,S.M.,I. Watts,TRUE
"Watts, I",211,L.M.,I. Watts,TRUE
"Watts, I",212,C.M.,I. Watts,TRUE
"Watts, I",213,C.M.,I. Watts,TRUE
Anonymous,214,148TH,(AUTHOR UNKNOWN),FALSE
"Dracup, J",215,C.M.,J. Dracup,TRUE
"Stevens, J",216,8.8.6.,J. Stevens,TRUE
"Kent, J",217,8.8.6.,J. Kent,TRUE
"Hart, J",218,C.M.,J. Hart,TRUE
"Hart, J",219,S.M.,J. Hart,TRUE
"Hart, J",220,8S,J. Hart,TRUE
"Hart, J",221,104TH,J. Hart,TRUE
"Hart, J",222,C.M.,J. Hart,TRUE
"Hart, J",223,8.8.6.,J. Hart,TRUE
"Stevens, J",224,L.M.,J. Stevens,TRUE
"Beddome, B",225,S.M.,B. Beddome,TRUE
"Watts, I",226,C.M.,I. Watts,TRUE
"Toplady, A M",227,8.8.6.,A. M. Toplady,TRUE
"Stevens, J",228,C.M.,J. Stevens,TRUE
"Wesley, C",229,104TH,C. Wesley,TRUE
"Greene, T",230,C.M.,T. Greene,TRUE
"Watts, I",231,L.M.,I. Watts,TRUE
"Newton, J",232,104TH,J. Newton,TRUE
"Hart, J",233,8S,J. Hart,TRUE
"Hart, J",234,8.6.8.,J. Hart,TRUE
"Hart, J",235,7.7.4.,J. Hart,TRUE
"Hart, J",236,S.M.,J. Hart,TRUE
"Hart, J",237,8.7.,J. Hart,TRUE
"Fawcett, J",238,L.M.,J. Fawcett,TRUE
"Stevens, J",239,11S,J. Stevens,TRUE
"Hart, J",240,C.M.,J. Hart,TRUE
"Hart, J",241,C.M.,J. Hart,TRUE
"Stevens, J",242,8.8.6.,J. Stevens,TRUE
"Stevens, J",243,11S,J. Stevens,TRUE
"Burnham, R",244,C.M.,R. Burnham,TRUE
"Gospel Mag., 1799",245,L.M.,"GOSPEL MAG., 1799",FALSE
"Francis, B",246,8S,B. FRANCIS,TRUE
"Ryland, J",247,C.M.,J. Ryland,TRUE
"Wesley, C",248,7S,C. Wesley,TRUE
"Wesley, C",249,8.8.6.,C. Wesley,TRUE
"Gospel Mag., 1777",250,8S,"GOSPEL MAG., 1777",FALSE
"Hart, J",251,C.M.,J. Hart,TRUE
"Needham, J",252,C.M.,J. Needham,TRUE
"Berridge, J",253,S.M.,J. Berridge,TRUE
"Hart, J",254,104TH,J. Hart,TRUE
"Hart, J",255,L.M.,J. Hart,TRUE
"Hart, J",256,L.M.,J. Hart,TRUE
"Steele, A",257,L.M.,A. Steele,TRUE
"Burnham, R",258,8.7.,R. Burnham,TRUE
"Cowper, W",259,C.M.,W. Cowper,TRUE
"Steele, A",260,C.M.,A. Steele,TRUE
"Greene, T",261,C.M.,T. Greene,TRUE
"Toplady, A M",262,104TH,A. M. TOPLADY,TRUE
"Medley, S",263,L.M.,S. Medley,TRUE
"Watts, I",264,L.M.,I. Watts,TRUE
"Watts, I",265,L.M.,I. Watts,TRUE
"Watts, I",266,C.M.,I. Watts,TRUE
"Cennick, J",267,7S,J. CENNICK,TRUE
"Berridge, J",268,S.M.,J. Berridge,TRUE
"Watts, I",269,C.M.,I. Watts,TRUE
"Hart, J",270,8.7.,J. Hart,TRUE
"Stennett, S",271,L.M.,S. Stennett,TRUE
"Newton, J",272,8.7.,J. Newton,TRUE
"Newton, J",273,7S,J. Newton,TRUE
"Adams, J",274,S.M.,J. Adams,TRUE
"Medley, S",275,L.M.,S. Medley,TRUE
"Newton, J",276,8S,J. Newton,TRUE
"Newton, J",277,7S,J. Newton,TRUE
"Newton, J",278,S.M.,J. Newton,TRUE
"Hammond, W",279,L.M.,W. Hammond,TRUE
"Hammond, W",280,7S,W. HAMMOND,TRUE
"Cowper, W",281,C.M.,W. Cowper,TRUE
"Cowper, W",282,7S,W. Cowper,TRUE
"Newton, J",283,7S,J. Newton,TRUE
"Langley, J H",284,7S,J. H. LANGLEY,TRUE
"Horne, W W",285,L.M.,W. W. Horne,TRUE
"Swain, J",286,L.M.,J. Swain,TRUE
"Hart, J",287,S.M.,J. Hart,TRUE
"Newton, J",288,C.M.,J. Newton,TRUE
"Fawcett, J",289,L.M.,J. Fawcett,TRUE
"Cowper, W",290,L.M.,W. Cowper,TRUE
Rozzell,291,C.M.,Rozzell,FALSE
Rozzell,292,7.6.,Rozzell,FALSE
"Toplady, A M",293,8S,A. M. TOPLADY,TRUE
"De Courcy, R",294,148TH,R. De Courcy,FALSE
"Newton, J",295,L.M.,J. Newton,TRUE
"Beddome, B",296,L.M.,B. Beddome,TRUE
"Kent, J",297,104TH,J. Kent,TRUE
"Kent, J",298,8S,J. Kent,TRUE
"Berridge, J",299,C.M.,J. Berridge,TRUE
"Berridge, J",300,C.M.,J. Berridge,TRUE
"Berridge, J",301,7S,J. BERRIDGE,TRUE
"Berridge, J",302,8.8.6.,J. Berridge,TRUE
"Wesley, C",303,7S,C. Wesley,TRUE
"Hart, J",304,L.M.,J. Hart,TRUE
"Hart, J",305,C.M.,J. Hart,TRUE
"Hart, J",306,7.6.,J. Hart,TRUE
"Hart, J",307,148TH,J. Hart,TRUE
"Hart, J",308,S.M.,J. Hart,TRUE
"Hart, J",309,11.9.,J. Hart,TRUE
"Hart, J",310,C.M.,J. Hart,TRUE
"Hart, J",311,S.M.,J. Hart,TRUE
"Hart, J",312,S.M.,J. Hart,TRUE
"Hart, J",313,148TH,J. Hart,TRUE
"Hart, J",314,S.M.,J. Hart,TRUE
"Hart, J",315,7.6.,J. Hart,TRUE
"Hart, J",316,L.M.,J. Hart,TRUE
"Watts, I",317,L.M.,I. Watts,TRUE
"Watts, I",318,S.M.,I. Watts,TRUE
"Swain, J",319,8S,J. Swain,TRUE
"Cowper, W",320,C.M.,W. Cowper,TRUE
"Medley, S",321,104TH,S. Medley,TRUE
"Medley, S",322,104TH,S. Medley,TRUE
"Cowper, W",323,L.M.,W. Cowper,TRUE
"Newton, J",324,104TH,J. Newton,TRUE
"Watts, I",325,C.M.,I. Watts,TRUE
"Watts, I",326,L.M.,I. Watts,TRUE
"Watts, I",327,C.M.,I. Watts,TRUE
"Fawcett, J",328,L.M.,J. Fawcett,TRUE
"K., 1787",329,11S,"K., 1787",FALSE
"Toplady, A M",330,S.M.,A. M. TOPLADY,TRUE
"Doddridge, P",331,L.M.,P. DODDRIDGE,TRUE
"Doddridge, P",332,L.M.,P. DODDRIDGE,TRUE
"Fawcett, J",333,8.7.4.,J. Fawcett,TRUE
"Kent, J",334,8S,J. Kent,TRUE
"Berridge, J",335,S.M.,J. BERRIDGE,TRUE
"Berridge, J",336,C.M.,J. BERRIDGE,TRUE
"Newton, J",337,S.M.,J. Newton,TRUE
"Cowper, W",338,148TH,W. Cowper,TRUE
"Hammond, W",339,148TH,W. Hammond,TRUE
"Toplady, A M",340,8S,A. M. TOPLADY,TRUE
"Fawcett, J",341,C.M.,J. Fawcett,TRUE
"Hammond, W",342,7S,W. HAMMOND,TRUE
"Hammond, W",343,104TH,W. Hammond,TRUE
"Hammond, W",344,C.M.,W. Hammond,TRUE
"Doddridge, P",345,S.M.,P. DODDRIDGE,TRUE
"Toplady, A M",346,8S,A. M. TOPLADY,TRUE
"Adams, J",347,7S,J. Adams,TRUE
"Toplady, A M",348,C.M.,A. M. TOPLADY,TRUE
"Adams, J",349,8.7.4.,J. Adams,TRUE
"Fowler, H",350,11.8.,H. Fowler,TRUE
"Hart, J",351,C.M.,J. Hart,TRUE
"Hart, J",352,L.M.,J. Hart,TRUE
"Hart, J",353,148TH,J. Hart,TRUE
"Watts, I",354,C.M.,I. Watts,TRUE
"Hart, J",355,C.M.,J. Hart,TRUE
"Newton, J",356,7S,J. Newton,TRUE
"Watts, I",357,S.M.,I. Watts,TRUE
"Hart, J",358,8.8.6.,J. Hart,TRUE
"Stennett, S",359,S.M.,S. Stennett,TRUE
"Watts, I",360,L.M.,I. Watts,TRUE
"Watts, I",361,C.M.,I. Watts,TRUE
"Watts, I",362,122ND,I. Watts,TRUE
"Watts, I",363,L.M.,I. Watts,TRUE
"Watts, I",364,L.M.,I. Watts,TRUE
"Watts, I",365,L.M.,I. Watts,TRUE
"Watts, I",366,C.M.,I. Watts,TRUE
"Medley, S",367,C.M.,S. Medley,TRUE
"Doddridge, P",368,L.M.,P. DODDRIDGE,TRUE
"Watts, I",369,L.M.,I. Watts,TRUE
"Watts, I",370,L.M.,I. Watts,TRUE
"Swain, J",371,122ND,J. Swain,TRUE
"Newton, J",372,8.7.,J. Newton,TRUE
"Hill, R",373,L.M.,R. Hill,TRUE
"Berridge, J",374,148TH,J. Berridge,TRUE
"Berridge, J",375,C.M.,J. BERRIDGE,TRUE
"Newton, J",376,7S,J. Newton,TRUE
"Medley, S",377,L.M.,S. Medley,TRUE
"Medley, S",378,C.M.,S. Medley,TRUE
"Newton, J",379,7S,J. Newton,TRUE
"Burnham, R",380,8S,R. BURNHAM,TRUE
"Cowper, W",381,L.M.,W. Cowper,TRUE
"Medley, S",382,C.M.,S. Medley,TRUE
"Medley, S",383,C.M.,S. Medley,TRUE
"Medley, S",384,L.M.,S. Medley,TRUE
"Medley, S",385,L.M.,S. Medley,TRUE
"Medley, S",386,C.M.,S. Medley,TRUE
"Swain, J",387,L.M.,J. Swain,TRUE
"Newton, J",388,C.M.,J. Newton,TRUE
"Adams, J",389,7S,J. Adams,TRUE
"Wesley, C",390,7.6.8.,C. Wesley,TRUE
"Wesley, C",391,7.6.8.,C. Wesley,TRUE
"Steele, A",392,C.M.,A. Steele,TRUE
"Fawcett, J",393,C.M.,J. Fawcett,TRUE
"Cowper, W",394,L.M.,W. Cowper,TRUE
"Newton, J",395,S.M.,J. Newton,TRUE
"Newton, J",396,8.7.,J. Newton,TRUE
"Newton, J",397,7S,J. Newton,TRUE
"Newton, J",398,C.M.,J. Newton,TRUE
"Tucker, W",399,L.M.,W. Tucker,TRUE
"Newton, J",400,7S,J. Newton,TRUE
"Watts, I",401,L.M.,I. Watts,TRUE
"Watts, I",402,C.M.,I. Watts,TRUE
"Stennett, S",403,148TH,S. Stennett,TRUE
"Cennick, J",404,104TH,J. Cennick,TRUE
"Kent, J",405,L.M.,J. Kent,TRUE
"Kent, J",406,8.8.6.,J. Kent,TRUE
"Kent, J",407,L.M.,J. KENT (LAST 3 VERSES),FALSE
"Wesley, C",408,104TH,C. Wesley,TRUE
"Watts, I",409,148TH,I. Watts,TRUE
"Medley, S",410,L.M.,S. Medley,TRUE
"Kent, J",411,C.M.,J. Kent,TRUE
"Kent, J",412,S.M.,J. Kent,TRUE
"Kent, J",413,C.M.,J. Kent,TRUE
"Watts, I",414,11S,I. Watts,TRUE
"Allen, J",415,6.4.,J. Allen,TRUE
"Newton, J",416,8.7.7.,J. Newton,TRUE
"Swain, J",417,104TH,J. Swain,TRUE
"Steele, A",418,C.M.,A. Steele,TRUE
"Watts, I",419,L.M.,I. Watts,TRUE
"Watts, I",420,S.M.,I. Watts,TRUE
"Watts, I",421,S.M.,I. Watts,TRUE
"Watts, I",422,L.M.,I. Watts,TRUE
"Watts, I",423,S.M.,I. Watts,TRUE
"Watts, I",424,C.M.,I. Watts,TRUE
"Stevens, J",425,S.M.,J. Stevens,TRUE
"Stevens, J",426,C.M.,J. Stevens,TRUE
"Francis, B",427,L.M.,J. GRIGG AND B. FRANCIS (LAST VERSE),FALSE
Grigg J,427,L.M.,J. GRIGG AND B. FRANCIS (LAST VERSE),FALSE
"Fawcett, J",428,8.7.,J. Fawcett,TRUE
"Fellows, J",429,C.M.,J. Fellows,TRUE
Norman,430,8.8.6.,Norman,FALSE
"Beddome, B",431,L.M.,B. Beddome,TRUE
"Watts, I",432,L.M.,I. Watts,TRUE
"Fellows, J",433,8.7.,J. Fellows,TRUE
"Beddome, B",434,C.M.,B. Beddome,TRUE
"Watts, I",435,L.M.,I. Watts,TRUE
"Berridge, J",436,S.M.,J. Berridge,TRUE
"Watts, I",437,S.M.,I. Watts,TRUE
"Watts, I",438,C.M.,I. Watts,TRUE
"Watts, I",439,L.M.,I. Watts,TRUE
"Watts, I",440,C.M.,I. Watts,TRUE
"Beddome, B",441,L.M.,B. Beddome,TRUE
"Berridge, J",442,7S,J. BERRIDGE,TRUE
"Berridge, J",443,104TH,J. Berridge,TRUE
"Berridge, J",444,S.M.,J. Berridge,TRUE
"Hart, J",445,148TH,J. Hart,TRUE
"Hart, J",446,S.M.,J. Hart,TRUE
"Hart, J",447,L.M.,J. Hart,TRUE
"Hart, J",448,148TH,J. Hart,TRUE
"Hart, J",449,104TH,J. Hart,TRUE
"Burnham, R",450,L.M.,R. Burnham,TRUE
"Newton, J",451,L.M.,J. Newton,TRUE
"Newton, J",452,148TH,J. Newton,TRUE
"Stennett, S",453,L.M.,S. Stennett,TRUE
"Fawcett, J",454,112TH,J. Fawcett,TRUE
"Hart, J",455,C.M.,J. Hart,TRUE
"Hart, J",456,104TH,J. Hart,TRUE
"Hart, J",457,L.M.,J. Hart,TRUE
"Hart, J",458,S.M.,J. Hart,TRUE
"Hart, J",459,C.M.,J. Hart,TRUE
"Burnham, R",460,8S,R. BURNHAM,TRUE
"Fawcett, J",461,8.7.4.,J. Fawcett,TRUE
"Williams, W",462,8.7.4.,W. Williams,TRUE
"Hart, J",463,8.7.,J. Hart,TRUE
"Watts, I",464,C.M.,I. Watts,TRUE
"Watts, I",465,C.M.,I. Watts,TRUE
"Watts, I",466,C.M.,I. Watts,TRUE
"Swain, J",467,C.M.,J. Swain,TRUE
"Horne, W W",468,C.M.,W. W. Horne,TRUE
"Newton, J",469,C.M.,J. Newton,TRUE
"Medley, S",470,L.M.,S. Medley,TRUE
"Elliott, R",471,S.M.,R. Elliott,TRUE
"Toplady, A M",472,C.M.,A. M. TOPLADY,TRUE
"Watts, I",473,L.M.,I. Watts,TRUE
"Watts, I",474,C.M.,I. Watts,TRUE
"Watts, I",475,C.M.,I. Watts,TRUE
"Watts, I",476,C.M.,I. Watts,TRUE
"Watts, I",477,C.M.,I. Watts,TRUE
"Watts, I",478,C.M.,I. Watts,TRUE
"Watts, I",479,C.M.,I. Watts,TRUE
"Watts, I",480,L.M.,I. Watts,TRUE
"Watts, I",481,L.M.,I. Watts,TRUE
"Gospel Mag., 1796",482,L.M.,"GOSPEL MAG., 1796",FALSE
"Gospel Mag., 1801",483,7.6.,"GOSPEL MAG., 1801",FALSE
"Hart, J",484,8.3.,J. Hart,TRUE
"Wesley, C",485,7S,C. Wesley,TRUE
"Hart, J",486,C.M.,J. Hart,TRUE
"Hart, J",487,S.M.,J. Hart,TRUE
"Hart, J",488,L.M.,J. Hart,TRUE
"Hart, J",489,C.M.,J. Hart,TRUE
"Hart, J",490,7S,J. Hart,TRUE
"Hart, J",491,8.7.,J. Hart,TRUE
"Hart, J",492,L.M.,J. Hart,TRUE
"Cennick, J",493,8.7.4.,"J. CENNICK, C. WESLEY AND M. MADAN",FALSE
"Madan, M",493,8.7.4.,"J. CENNICK, C. WESLEY AND M. MADAN",FALSE
"Wesley, C",493,8.7.4.,"J. CENNICK, C. WESLEY AND M. MADAN",FALSE
"Burnham, R",494,148TH,R. Burnham,TRUE
"Swain, J",495,8.7.4.,J. Swain,TRUE
"Newton, J",496,8.7.4.,J. Newton,TRUE
"Watts, I",497,50TH,I. Watts,TRUE
"Watts, I",498,C.M.,I. Watts,TRUE
"Medley, S",499,S.M.,S. Medley,TRUE
"Newton, J",500,8.7.,J. Newton,TRUE
"Newton, J",501,7S,J. Newton,TRUE
"Hart, J",502,S.M.,J. Hart,TRUE
"Hart, J",503,7S,J. Hart,TRUE
"Hart, J",504,8.8.6.,J. Hart,TRUE
"Watts, I",505,C.M.,I. Watts,TRUE
"Watts, I",506,148TH,I. Watts,TRUE
"Herbert, D",507,C.M.,D. Herbert,TRUE
"Herbert, D",508,C.M.,D. Herbert,TRUE
"Herbert, D",509,C.M.,D. Herbert,TRUE
"Herbert, D",510,C.M.,D. Herbert,TRUE
"Franklin, J",511,C.M.,J. Franklin,TRUE
"Franklin, J",512,C.M.,J. Franklin,TRUE
"Franklin, J",513,L.M.,J. Franklin,TRUE
"Gadsby, W",514,8.7.4.,W. Gadsby,TRUE
"Gadsby, W",515,7S,W. Gadsby,TRUE
"Gadsby, W",516,8S,W. Gadsby,TRUE
"Gadsby, W",517,6.4.,W. Gadsby,TRUE
"Gadsby, W",518,7S,W. Gadsby,TRUE
"Gadsby, W",519,S.M.,W. Gadsby,TRUE
"Gadsby, W",520,104TH,W. Gadsby,TRUE
"Gadsby, W",521,104TH,W. Gadsby,TRUE
"Gadsby, W",522,122ND,W. Gadsby,TRUE
"Gadsby, W",523,8S,W. Gadsby,TRUE
"Gadsby, W",524,11S,W. Gadsby,TRUE
"Gadsby, W",525,L.M.,W. Gadsby,TRUE
"Gadsby, W",526,148TH,W. Gadsby,TRUE
"Gadsby, W",527,C.M.,W. Gadsby,TRUE
"Gadsby, W",528,C.M.,W. Gadsby,TRUE
"Gadsby, W",529,8S,W. Gadsby,TRUE
"Gadsby, W",530,C.M.,W. Gadsby,TRUE
"Gadsby, W",531,L.M.,W. Gadsby,TRUE
"Gadsby, W",532,148TH,W. Gadsby,TRUE
"Gadsby, W",533,C.M.,W. Gadsby,TRUE
"Gadsby, W",534,7S,W. Gadsby,TRUE
"Gadsby, W",535,8.7.4.,W. Gadsby,TRUE
"Gadsby, W",536,L.M.,W. Gadsby,TRUE
"Gadsby, W",537,148TH,W. Gadsby,TRUE
"Gadsby, W",538,L.M.,W. Gadsby,TRUE
"Gadsby, W",539,148TH,W. Gadsby,TRUE
"Gadsby, W",540,S.M.,W. Gadsby,TRUE
"Gadsby, W",541,S.M.,W. Gadsby,TRUE
"Gadsby, W",542,7S,W. Gadsby,TRUE
"Gadsby, W",543,7S,W. Gadsby,TRUE
"Gadsby, W",544,8S,W. Gadsby,TRUE
"Gadsby, W",545,7S,W. Gadsby,TRUE
"Gadsby, W",546,S.M.,W. Gadsby,TRUE
"Gadsby, W",547,C.M.,W. Gadsby,TRUE
"Gadsby, W",548,11S,W. Gadsby,TRUE
"Gadsby, W",549,104TH,W. Gadsby,TRUE
"Gadsby, W",550,148TH,W. Gadsby,TRUE
"Gadsby, W",551,7S,W. Gadsby,TRUE
"Gadsby, W",552,C.M.,W. Gadsby,TRUE
"Gadsby, W",553,C.M.,W. Gadsby,TRUE
"Gadsby, W",554,C.M.,W. Gadsby,TRUE
"Gadsby, W",555,S.M.,W. Gadsby,TRUE
"Gadsby, W",556,S.M.,W. Gadsby,TRUE
"Gadsby, W",557,8.8.6.,W. Gadsby,TRUE
"Gadsby, W",558,7S,W. Gadsby,TRUE
"Gadsby, W",559,148TH,W. Gadsby,TRUE
"Gadsby, W",560,8.7.4.,W. Gadsby,TRUE
"Gadsby, W",561,C.M.,W. Gadsby,TRUE
"Gadsby, W",562,7S,W. Gadsby,TRUE
"Gadsby, W",563,8.7.4.,W. Gadsby,TRUE
"Gadsby, W",564,C.M.,W. Gadsby,TRUE
"Gadsby, W",565,8S,W. Gadsby,TRUE
"Gadsby, W",566,8S,W. Gadsby,TRUE
"Gadsby, W",567,C.M.,W. Gadsby,TRUE
"Gadsby, W",568,104TH,W. Gadsby,TRUE
"Gadsby, W",569,8S,W. Gadsby,TRUE
"Gadsby, W",570,C.M.,W. Gadsby,TRUE
"Gadsby, W",571,148TH,W. Gadsby,TRUE
"Gadsby, W",572,8.8.6.,W. Gadsby,TRUE
"Gadsby, W",573,8.7.4.,W. Gadsby,TRUE
"Gadsby, W",574,7.6.,W. Gadsby,TRUE
"Gadsby, W",575,7S,W. Gadsby,TRUE
"Gadsby, W",576,7S,W. Gadsby,TRUE
"Gadsby, W",577,11S,W. Gadsby,TRUE
"Gadsby, W",578,8S,W. Gadsby,TRUE
"Gadsby, W",579,C.M.,W. Gadsby,TRUE
"Gadsby, W",580,8.8.6.,W. Gadsby,TRUE
"Gadsby, W",581,8S,W. Gadsby,TRUE
"Gadsby, W",582,8.7.4.,W. Gadsby,TRUE
"Gadsby, W",583,8.7.4.,W. Gadsby,TRUE
"Gadsby, W",584,7S,W. Gadsby,TRUE
"Gadsby, W",585,148TH,W. Gadsby,TRUE
"Gadsby, W",586,148TH,W. Gadsby,TRUE
"Gadsby, W",587,S.M.,W. Gadsby,TRUE
"Gadsby, W",588,C.M.,W. Gadsby,TRUE
"Gadsby, W",589,8.8.6.,W. Gadsby,TRUE
"Gadsby, W",590,148TH,W. Gadsby,TRUE
"Gadsby, W",591,11.8.,W. Gadsby,TRUE
"Gadsby, W",592,8.8.6.,W. Gadsby,TRUE
"Gadsby, W",593,8.7.4.,W. Gadsby,TRUE
"Gadsby, W",594,7S,W. Gadsby,TRUE
"Gadsby, W",595,8S,W. Gadsby,TRUE
"Gadsby, W",596,C.M.,W. Gadsby,TRUE
"Gadsby, W",597,8S,W. Gadsby,TRUE
"Gadsby, W",598,148TH,W. Gadsby,TRUE
"Gadsby, W",599,148TH,W. Gadsby,TRUE
"Gadsby, W",600,8.7.4.,W. Gadsby,TRUE
"Gadsby, W",601,S.M.,W. Gadsby,TRUE
"Gadsby, W",602,148TH,W. Gadsby,TRUE
"Gadsby, W",603,S.M.,W. Gadsby,TRUE
"Gadsby, W",604,C.M.,W. Gadsby,TRUE
"Gadsby, W",605,S.M.,W. Gadsby,TRUE
"Gadsby, W",606,S.M.,W. Gadsby,TRUE
"Gadsby, W",607,148TH,W. Gadsby,TRUE
"Gadsby, W",608,148TH,W. Gadsby,TRUE
"Gadsby, W",609,7S,W. Gadsby,TRUE
"Gadsby, W",610,8.7.4.,W. Gadsby,TRUE
"Gadsby, W",611,7S,W. Gadsby,TRUE
"Gadsby, W",612,11S,W. Gadsby,TRUE
"Gadsby, W",613,148TH,W. Gadsby,TRUE
"Gadsby, W",614,S.M.,W. Gadsby,TRUE
"Gadsby, W",615,8.7.4.,W. Gadsby,TRUE
"Gadsby, W",616,7S,W. Gadsby,TRUE
"Gadsby, W",617,148TH,W. Gadsby,TRUE
"Gadsby, W",618,148TH,W. Gadsby,TRUE
"Gadsby, W",619,7S,W. Gadsby,TRUE
"Gadsby, W",620,L.M.,W. Gadsby,TRUE
"Gadsby, W",621,L.M.,W. Gadsby,TRUE
"Gadsby, W",622,L.M.,W. Gadsby,TRUE
"Gadsby, W",623,7S,W. Gadsby,TRUE
"Gadsby, W",624,S.M.,W. Gadsby,TRUE
"Gadsby, W",625,L.M.,W. Gadsby,TRUE
"Gadsby, W",626,7S,W. Gadsby,TRUE
"Gadsby, W",627,8S,W. Gadsby,TRUE
"Gadsby, W",628,8S,W. Gadsby,TRUE
"Gadsby, W",629,148TH,W. Gadsby,TRUE
"Gadsby, W",630,148TH,W. Gadsby,TRUE
"Gadsby, W",631,C.M.,W. Gadsby,TRUE
"Gadsby, W",632,8S,W. Gadsby,TRUE
"Gadsby, W",633,L.M.,W. Gadsby,TRUE
"Gadsby, W",634,148TH,W. Gadsby,TRUE
"Gadsby, W",635,8S,W. Gadsby,TRUE
"Gadsby, W",636,8.8.6.,W. Gadsby,TRUE
"Gadsby, W",637,C.M.,W. Gadsby,TRUE
"Gadsby, W",638,C.M.,W. Gadsby,TRUE
"Gadsby, W",639,104TH,W. Gadsby,TRUE
"Gadsby, W",640,7S,W. Gadsby,TRUE
"Gadsby, W",641,8.7.4.,W. Gadsby,TRUE
"Gadsby, W",642,148TH,W. Gadsby,TRUE
"Gadsby, W",643,8.8.6.,W. Gadsby,TRUE
"Gadsby, W",644,11S,W. Gadsby,TRUE
"Gadsby, W",645,7S,W. Gadsby,TRUE
"Gadsby, W",646,C.M.,W. Gadsby,TRUE
"Gadsby, W",647,8.8.6.,W. Gadsby,TRUE
"Gadsby, W",648,148TH,W. Gadsby,TRUE
"Gadsby, W",649,7S,W. Gadsby,TRUE
"Gadsby, W",650,7S,W. Gadsby,TRUE
"Gadsby, W",651,8.7.4.,W. Gadsby,TRUE
"Gadsby, W",652,S.M.,W. Gadsby,TRUE
"Gadsby, W",653,S.M.,W. Gadsby,TRUE
"Gadsby, W",654,7S,W. Gadsby,TRUE
"Gadsby, W",655,L.M.,W. Gadsby,TRUE
"Gadsby, W",656,8.7.4.,W. Gadsby,TRUE
"Gadsby, W",657,7S,W. Gadsby,TRUE
"Gadsby, W",658,7S,W. Gadsby,TRUE
"Gadsby, W",659,S.M.,W. Gadsby,TRUE
"Gadsby, W",660,C.M.,W. Gadsby,TRUE
"Gadsby, W",661,C.M.,W. Gadsby,TRUE
"Gadsby, W",662,7S,W. Gadsby,TRUE
"Gadsby, W",663,S.M.,W. Gadsby,TRUE
"Gadsby, W",664,C.M.,W. Gadsby,TRUE
"Gadsby, W",665,S.M.,W. Gadsby,TRUE
"Gadsby, W",666,148TH,W. Gadsby,TRUE
"Gadsby, W",667,10S,W. Gadsby,TRUE
"Gadsby, W",668,10S,W. Gadsby,TRUE
"Gadsby, W",669,10S,W. Gadsby,TRUE
"Gadsby, W",670,8S,W. Gadsby,TRUE
"Berridge, J",671,148TH,J. Berridge,TRUE
"Berridge, J",672,148TH,J. Berridge,TRUE
"Berridge, J",673,148TH,J. Berridge,TRUE
"Berridge, J",674,148TH,J. Berridge,TRUE
"Herbert, D",675,C.M.,D. Herbert,TRUE
"Herbert, D",676,C.M.,D. Herbert,TRUE
"Herbert, D",677,C.M.,D. Herbert,TRUE
"Herbert, D",678,C.M.,D. Herbert,TRUE
"Herbert, D",679,C.M.,D. Herbert,TRUE
"Herbert, D",680,C.M.,D. Herbert,TRUE
"Hart, J",681,L.M.,J. Hart,TRUE
"Gadsby, W",682,S.M.,W. Gadsby,TRUE
"Gadsby, W",683,S.M.,W. Gadsby,TRUE
"Berridge, J",684,C.M.,J. Berridge,TRUE
"Hart, J",685,C.M.,J. Hart,TRUE
"Berridge, J",686,7S,J. Berridge,TRUE
"Berridge, J",687,104TH,J. Berridge,TRUE
"Wesley, C",688,L.M.,C. Wesley,TRUE
"Swain, J",689,8.7.,J. Swain,TRUE
"Berridge, J",690,8.8.6.,J. Berridge,TRUE
"Newton, J",691,C.M.,J. Newton,TRUE
"Newton, J",692,L.M.,J. Newton,TRUE
"Gadsby, W",693,10S,W. Gadsby,TRUE
"Gadsby, W",694,8.7.,W. Gadsby,TRUE
"Gadsby, W",695,7S,W. Gadsby,TRUE
"Gadsby, W",696,148TH,W. Gadsby,TRUE
"Gadsby, W",697,8.7.,W. Gadsby,TRUE
"Gadsby, W",698,8.7.4.,W. Gadsby,TRUE
"Gadsby, W",699,10S,W. Gadsby,TRUE
"Gadsby, W",700,148TH,W. Gadsby,TRUE
"Gadsby, W",701,10S,W. Gadsby,TRUE
"Berridge, J",702,7S,J. Berridge,TRUE
"Gadsby, W",703,10S,W. Gadsby,TRUE
"Hart, J",704,7S,J. Hart,TRUE
"Berridge, J",705,112TH,J. Berridge,TRUE
"Hart, J",706,7S,J. Hart,TRUE
"Hart, J",707,L.M.,J. Hart,TRUE
"Hart, J",708,C.M.,J. Hart,TRUE
"Hart, J",709,C.M.,J. Hart,TRUE
"Berridge, J",710,104TH,J. Berridge,TRUE
"Herbert, D",711,L.M.,D. Herbert,TRUE
"Hart, J",712,L.M.,J. Hart,TRUE
"Gadsby, W",713,S.M.,W. Gadsby,TRUE
"Berridge, J",714,C.M.,J. Berridge,TRUE
"Hart, J",715,8.8.6.,J. Hart,TRUE
"Berridge, J",716,L.M.,J. Berridge,TRUE
"Hart, J",717,7.6.,J. Hart,TRUE
"Hart, J",718,L.M.,J. Hart,TRUE
"Hart, J",719,8.7.,J. Hart,TRUE
"Gadsby, W",720,7S,W. Gadsby,TRUE
"Swain, J",721,L.M.,J. Swain,TRUE
"Gadsby, W",722,7S,W. Gadsby,TRUE
"Hart, J",723,8.7.4.,J. Hart,TRUE
"Swain, J",724,8.8.6.,J. Swain,TRUE
"Gadsby, W",725,S.M.,W. Gadsby,TRUE
"Wesley, C",726,7S,C. Wesley,TRUE
"Watts, I",727,C.M.,I. Watts,TRUE
"Newton, J",728,112TH,J. Newton,TRUE
"Newton, J",729,S.M.,J. Newton,TRUE
"Perronet, E",730,C.M.,E. Perronet,TRUE
"Cowper, W",731,C.M.,W. Cowper,TRUE
"Kent, J",732,148TH,J. Kent,TRUE
"Beddome, B",733,S.M.,B. Beddome,TRUE
"Hart, J",734,C.M.,J. Hart,TRUE
"Irons, J",735,8.7.4.,J. Irons,TRUE
"Cole, C",736,L.M.,C. Cole,TRUE
"Hammond, W",737,7S,W. Hammond,TRUE
"Swain, J",738,L.M.,J. Swain,TRUE
"Berridge, J",739,S.M.,J. Berridge,TRUE
"Hart, J",740,L.M.,J. Hart,TRUE
"Batty, C",741,8.7.,C. Batty,TRUE
"Berridge, J",742,7S,J. Berridge,TRUE
"Berridge, J",743,C.M.,J. Berridge,TRUE
"Berridge, J",744,112TH,J. Berridge,TRUE
"Berridge, J",745,8.8.6.,J. Berridge,TRUE
"Hart, J",746,8.7.,J. Hart,TRUE
"Hart, J",747,C.M.,J. Hart,TRUE
"Berridge, J",748,L.M.,J. Berridge,TRUE
"Berridge, J",749,148TH,J. Berridge,TRUE
"Burder, G",750,C.M.,G. Burder,TRUE
"Medley, S",751,L.M.,S. Medley,TRUE
"Watts, I",752,L.M.,I. Watts,TRUE
"Kelly, T",753,8.7.4.,T. Kelly,TRUE
"Fowler, H",754,7S,H. Fowler,TRUE
"Gibbons, T",755,L.M.,T. Gibbons,TRUE
"Berridge, J",756,C.M.,J. Berridge,TRUE
"Kent, J",757,C.M.,J. Kent,TRUE
"Kent, J",758,8.7.4.,J. Kent,TRUE
"Kent, J",759,8.7.,J. Kent,TRUE
"Kent, J",760,8.7.4.,J. Kent,TRUE
"Watts, I",761,L.M.,I. Watts,TRUE
"Stennett, S",762,L.M.,S. Stennett,TRUE
"Watts, I",763,C.M.,I. Watts,TRUE
"Watts, I",764,C.M.,I. Watts,TRUE
"Berridge, J",765,C.M.,J. Berridge,TRUE
"Kent, J",766,8.7.4.,J. Kent,TRUE
"Stocker, J",767,7S,J. Stocker,TRUE
"Hammond, W",768,7S,W. Hammond,TRUE
"Fowler, H",769,8.7.4.,H. Fowler,TRUE
"Watts, I",770,S.M.,I. Watts,TRUE
"Burnham, R",771,L.M.,R. Burnham,TRUE
"Burnham, R",772,C.M.,R. Burnham,TRUE
"Hart, J",773,C.M.,J. Hart,TRUE
"Hart, J",774,C.M.,J. Hart,TRUE
"Hart, J",775,S.M.,J. Hart,TRUE
"Hart, J",776,8.7.,J. Hart,TRUE
"Hart, J",777,148TH,J. Hart,TRUE
"Hart, J",778,104TH,J. Hart,TRUE
"Hart, J",779,7.6.8.,J. Hart,TRUE
"Hart, J",780,7.6.,J. Hart,TRUE
"Hart, J",782,C.M.,J. Hart,TRUE
"Hart, J",783,C.M.,J. Hart,TRUE
"Hart, J",785,C.M.,J. Hart,TRUE
"Hart, J",786,8.8.6.,J. Hart,TRUE
"Hart, J",787,7.6.8.,J. Hart,TRUE
"Hart, J",788,7S,J. Hart,TRUE
"Hart, J",789,7S,J. Hart,TRUE
"Hart, J",790,112TH,J. Hart,TRUE
"Hart, J",791,L.M.,J. Hart,TRUE
"Hart, J",792,S.M.,J. Hart,TRUE
"Hart, J",794,L.M.,J. Hart,TRUE
"Hart, J",795,7.6.7.,J. Hart,TRUE
"Hart, J",796,7.6.7.,J. Hart,TRUE
"Hart, J",797,L.M.,J. Hart,TRUE
"Hart, J",798,7.6.8.,J. Hart,TRUE
"Hart, J",799,8.3.,J. Hart,TRUE
"Hart, J",800,8.3.,J. Hart,TRUE
"Hart, J",801,7.6.8.,J. Hart,TRUE
"Hart, J",802,7S,J. Hart,TRUE
"Hart, J",803,C.M.,J. Hart,TRUE
"Hart, J",804,104TH,J. Hart,TRUE
"Hart, J",805,C.M.,J. Hart,TRUE
"Hart, J",806,7.7.8.7.,J. Hart,TRUE
"Hart, J",807,8.8.8.,J. Hart,TRUE
"Hart, J",808,C.M.,J. Hart,TRUE
"Hart, J",809,C.M.,J. Hart,TRUE
"Hart, J",810,L.M.,J. Hart,TRUE
"Hart, J",811,S.M.,J. Hart,TRUE
"Hart, J",812,C.M.,J. Hart,TRUE
"Hart, J",814,P.M.,J. Hart,TRUE
"Hart, J",815,L.M.,J. Hart,TRUE
"Hart, J",816,C.M.,J. Hart,TRUE
"Hart, J",817,148TH,J. Hart,TRUE
"Hart, J",818,C.M.,J. Hart,TRUE
"Hart, J",820,S.M.,J. Hart,TRUE
"Hart, J",821,C.M.,J. Hart,TRUE
"Hart, J",822,C.M.,J. Hart,TRUE
"Hart, J",823,7.6.8.,J. Hart,TRUE
"Hart, J",824,L.M.,J. Hart,TRUE
"Hart, J",825,S.M.,J. Hart,TRUE
"Hart, J",826,8.7.,J. Hart,TRUE
"Hart, J",827,7.6.,J. Hart,TRUE
"Hart, J",828,C.M.,J. Hart,TRUE
"Hart, J",829,C.M.,J. Hart,TRUE
"Hart, J",830,7S,J. Hart,TRUE
"Hart, J",831,S.M.,J. Hart,TRUE
"Hart, J",832,S.M.,J. Hart,TRUE
"Hart, J",833,S.M.,J. Hart,TRUE
"Hart, J",834,C.M.,J. Hart,TRUE
"Hart, J",835,112TH,J. Hart,TRUE
"Hart, J",836,L.M.,J. Hart,TRUE
"Hart, J",837,L.M.,J. Hart,TRUE
"Hart, J",838,L.M.,J. Hart,TRUE
"Hart, J",842,S.M.,J. Hart,TRUE
"Hart, J",843,7.6.8.,J. Hart,TRUE
"Hart, J",844,L.M.,J. Hart,TRUE
"Hart, J",845,C.M.,J. Hart,TRUE
"Hart, J",847,S.M.,J. Hart,TRUE
"Hart, J",850,C.M.,J. Hart,TRUE
"Hart, J",851,C.M.,J. Hart,TRUE
"Hart, J",852,S.M.,J. Hart,TRUE
"Hart, J",853,7.5.,J. Hart,TRUE
"Hart, J",854,7.6.8.,J. Hart,TRUE
"Hart, J",855,C.M.,J. Hart,TRUE
"Hart, J",856,C.M.,J. Hart,TRUE
"Hart, J",857,7S,J. Hart,TRUE
"Hart, J",858,L.M.,J. Hart,TRUE
"Hart, J",860,C.M.,J. Hart,TRUE
"Hart, J",861,C.M.,J. Hart,TRUE
"Hart, J",862,C.M.,J. Hart,TRUE
"Hart, J",863,S.M.,J. Hart,TRUE
"Hart, J",864,8.7.,J. Hart,TRUE
"Hart, J",865,7.6.7.,J. Hart,TRUE
"Hart, J",866,7.6.8.,J. Hart,TRUE
"Hart, J",867,C.M.,J. Hart,TRUE
"Hart, J",868,L.M.,J. Hart,TRUE
"Hart, J",869,104TH,J. Hart,TRUE
"Hart, J",870,C.M.,J. Hart,TRUE
"Hart, J",871,C.M.,J. Hart,TRUE
"Hart, J",872,S.M.,J. Hart,TRUE
"Hart, J",873,L.M.,J. Hart,TRUE
"Hart, J",874,7S,J. Hart,TRUE
"Hart, J",875,L.M.,J. Hart,TRUE
"Hart, J",876,8.8.7.,J. Hart,TRUE
"Hart, J",878,S.M.,J. Hart,TRUE
"Hart, J",880,S.M.,J. Hart,TRUE
"Hart, J",882,L.M.,J. Hart,TRUE
"Berridge, J",883,148TH,J. Berridge,TRUE
"Berridge, J",884,148TH,J. Berridge,TRUE
"Berridge, J",885,148TH,J. Berridge,TRUE
"Berridge, J",886,148TH,J. Berridge,TRUE
"Berridge, J",887,148TH,J. Berridge,TRUE
"Berridge, J",888,148TH,J. Berridge,TRUE
"Berridge, J",889,148TH,J. Berridge,TRUE
"Berridge, J",890,S.M.,J. Berridge,TRUE
"Berridge, J",891,S.M.,J. Berridge,TRUE
"Berridge, J",892,C.M.,J. Berridge,TRUE
"Berridge, J",893,C.M.,J. Berridge,TRUE
"Berridge, J",894,C.M.,J. Berridge,TRUE
"Berridge, J",895,7S,J. Berridge,TRUE
"Berridge, J",896,L.M.,J. Berridge,TRUE
"Berridge, J",897,L.M.,J. Berridge,TRUE
"Berridge, J",898,112TH,J. Berridge,TRUE
"Berridge, J",899,112TH,J. Berridge,TRUE
"Berridge, J",900,112TH,J. Berridge,TRUE
"Berridge, J",901,112TH,J. Berridge,TRUE
Anonymous,902,8.8.6.,(Author Unknown),FALSE
Anonymous,903,8.8.6.,(Author Unknown),FALSE
"Berridge, J",904,8.8.6.,J. Berridge,TRUE
"Berridge, J",905,8.8.6.,J. Berridge,TRUE
"Berridge, J",906,104TH,J. Berridge,TRUE
"Berridge, J",907,104TH,J. Berridge,TRUE
"Kent, J",908,L.M.,J. Kent,TRUE
"Kent, J",909,S.M.,J. Kent,TRUE
"Kent, J",910,L.M.,J. Kent,TRUE
"Kent, J",911,L.M.,J. Kent,TRUE
"Kent, J",912,104TH,J. Kent,TRUE
"Kent, J",913,8.7.,J. Kent,TRUE
"Kent, J",914,C.M.,J. Kent,TRUE
"Kent, J",915,L.M.,J. Kent,TRUE
"Kent, J",916,8.7.4.,J. Kent,TRUE
"Kent, J",917,8.8.6.,J. Kent,TRUE
"Kent, J",918,8.7.4.,J. Kent,TRUE
"Kelly, T",919,L.M.,T. Kelly,TRUE
"Kent, J",920,8.7.4.,J. Kent,TRUE
"Kent, J",921,S.M.,J. Kent,TRUE
"Kent, J",922,S.M.,J. Kent,TRUE
"Kent, J",923,C.M.,J. Kent,TRUE
"Kent, J",924,L.M.,J. Kent,TRUE
"Kent, J",925,L.M.,J. Kent,TRUE
"Kent, J",926,L.M.,J. Kent,TRUE
"Steele, A",927,L.M.,A. Steele,TRUE
"Wesley, C",928,8.8.6.,C. Wesley,TRUE
"Hammond, W",929,C.M.,W. Hammond,TRUE
"Kent, J",930,C.M.,J. Kent,TRUE
"Bakewell, J",931,8.7.,J. Bakewell,TRUE
"Kelly, T",932,8.7.4.,T. Kelly,TRUE
"Newton, J",933,C.M.,J. Newton,TRUE
Bromehead’s Collection,934,C.M.,Bromehead’s Collection,FALSE
"Watts, I",935,L.M.,I. Watts,TRUE
"Tate, N",936,C.M.,N.Tate & N.Brady,FALSE
"Brady, N",936,C.M.,N.Tate & N.Brady,FALSE
Anonymous,937,L.M.,(Author Unknown),FALSE
"Lady Huntingdon’s Col.,",938,8.8.6.,"Lady Huntingdon’s Col.,",FALSE
"Toplady, A M",939,C.M.,A. M. Toplady,TRUE
"Toplady, A M",940,C.M.,A. M. Toplady,TRUE
"Medley, S",941,L.M.,S. Medley,TRUE
"Gospel Mag., 1777",942,L.M.,"Gospel Mag., 1777",FALSE
"Horne, W W",943,L.M.,W. W. Horne,TRUE
"Hill, R",944,7S,R. Hill,TRUE
"Hoskins, J",945,L.M.,J. Hoskins,TRUE
"Watts, I",946,C.M.,I. Watts,TRUE
"Beddome, B",947,148TH,B. Beddome,TRUE
Matlock’s Selection,948,S.M.,Matlock’s Selection,FALSE
"Kelly, T",949,L.M.,T. Kelly,TRUE
"Batty, W",950,C.M.,W. Batty,TRUE
"Swain, J",951,C.M.,J. Swain,TRUE
"Allen, J",952,L.M.,J. Allen,TRUE
"Hoskins, J",953,C.M.,J. Hoskins,TRUE
"Fowler, H",954,L.M.,H. Fowler,TRUE
"Wesley, C",955,112TH,C. Wesley,TRUE
"Newton, J",956,7S,J. Newton,TRUE
"Steele, A",957,L.M.,A. Steele,TRUE
"Cowper, W",958,C.M.,W. Cowper,TRUE
"Newton, J",959,C.M.,J. Newton,TRUE
"Newton, J",960,L.M.,J. Newton,TRUE
"Newton, J",961,L.M.,J. Newton,TRUE
"Steele, A",962,8.8.6.,A. Steele,TRUE
"Gospel Mag., 1781",963,7S,"Gospel Mag., 1781",FALSE
"Serle, A",964,7S,A. Serle,TRUE
"Gospel Mag., 1781",965,8.7.,"Gospel Mag., 1781",FALSE
"Newton, J",966,C.M.,J. Newton,TRUE
"Cowper, W",967,L.M.,W. Cowper,TRUE
"Cowper, W",968,7S,W. Cowper,TRUE
"Cowper, W",969,L.M.,W. Cowper,TRUE
Anonymous,970,7S,(Author Unknown),FALSE
"Lyte, H F",971,8.7.,H. F. Lyte,TRUE
"Kelly, T",972,8.7.4.,T. Kelly,TRUE
"Newton, J",973,7S,J. Newton,TRUE
"Kelly, T",974,L.M.,T. Kelly,TRUE
"Kelly, T",975,C.M.,T. Kelly,TRUE
"Burnham, R",976,8.7.,R. Burnham,TRUE
"Steele, A",977,L.M.,A. Steele,TRUE
"Medley, S",978,L.M.,S. Medley,TRUE
"Medley, S",979,L.M.,S. Medley,TRUE
"Steele, A",980,L.M.,A. Steele,TRUE
Dobell’s Selection,981,L.M.,Dobell’s Selection,FALSE
"Kelly, T",982,8.7.4.,T. Kelly,TRUE
"Wesley, C",983,S.M.,C. Wesley,TRUE
"Cole, C",984,L.M.,C. Cole,TRUE
"Cennick, J",985,112TH,J. Cennick,TRUE
"Herbert, D",986,C.M.,D. Herbert,TRUE
"Medley, S",987,C.M.,S. Medley,TRUE
"Toplady, A M",988,7S,A. M. Toplady,TRUE
"Spiritual Mag., 1790",989,C.M.,"Spiritual Mag., 1790",FALSE
"Burnham, R",990,7S,R. Burnham,TRUE
"Toplady, A M",991,L.M.,A. M. Toplady,TRUE
"Kelly, T",992,L.M.,T. Kelly,TRUE
"Grant, J",993,11S,J. Grant,TRUE
"Kent, J",994,S.M.,J. Kent,TRUE
"Kelly, T",995,S.M.,T. Kelly,TRUE
"Medley, S",996,L.M.,S. Medley,TRUE
"Burnham, R",997,C.M.,R. Burnham,TRUE
"Hammond, W",998,104TH,W. Hammond,TRUE
"Newton, J",999,C.M.,J. Newton,TRUE
"Wingrove, J",1000,104TH,J. Wingrove,TRUE
"Newton, J",1001,L.M.,J. Newton,TRUE
"Montgomery, J",1002,C.M.,J. Montgomery,TRUE
"Watts, I",1003,C.M.,I. Watts,TRUE
"Watts, I",1004,L.M.,I. Watts,TRUE
"Watts, I",1005,C.M.,I. Watts,TRUE
"Watts, I",1006,L.M.,I. Watts,TRUE
"Watts, I",1007,L.M.,I. Watts,TRUE
Lock Chapel Collection,1008,L.M.,Lock Chapel Collection,FALSE
Anonymous,1009,C.M.,(Author Unknown),FALSE
"Steele, A",1010,C.M.,A. Steele,TRUE
"Watts, I",1011,C.M.,I. Watts,TRUE
"Kelly, T",1012,S.M.,T. Kelly,TRUE
"Kelly, T",1013,C.M.,T. Kelly,TRUE
"Kelly, T",1014,8.7.4.,T. Kelly,TRUE
"Watts, I",1015,S.M.,I. Watts,TRUE
"Wesley, C",1016,L.M.,C. Wesley,TRUE
"Newton, J",1017,L.M.,J. Newton,TRUE
"Toplady, A M",1018,L.M.,A. M. Toplady,TRUE
"Wesley, C",1019,L.M.,C. Wesley,TRUE
"Newton, J",1020,C.M.,J. Newton,TRUE
"Kelly, T",1021,L.M.,T. Kelly,TRUE
"Watts, I",1022,C.M.,I. Watts,TRUE
"Cowper, W",1023,L.M.,W. Cowper,TRUE
"Wesley, C",1024,C.M.,C. Wesley,TRUE
"Newton, J",1025,C.M.,J. Newton,TRUE
"Fowler, H",1026,148TH,H. Fowler,TRUE
"Fowler, H",1027,C.M.,H. Fowler,TRUE
"Fowler, H",1028,L.M.,H. Fowler,TRUE
"Fowler, H",1029,S.M.,H. Fowler,TRUE
"Fowler, H",1030,C.M.,H. Fowler,TRUE
"Fowler, H",1031,7S,H. Fowler,TRUE
"Fowler, H",1032,S.M.,H. Fowler,TRUE
"Fowler, H",1033,11S,H. Fowler,TRUE
"Fowler, H",1034,L.M.,H. Fowler,TRUE
"Fowler, H",1035,S.M.,H. Fowler,TRUE
"Fowler, H",1036,L.M.,H. Fowler,TRUE
"Fowler, H",1037,7S,H. Fowler,TRUE
"Fowler, H",1038,8.7.4.,H. Fowler,TRUE
"Steele, A",1039,C.M.,A. Steele,TRUE
"Kelly, T",1040,8.7.7.,T. Kelly,TRUE
"Kelly, T",1041,L.M.,T. Kelly,TRUE
"Kelly, T",1042,L.M.,T. Kelly,TRUE
"Kelly, T",1043,L.M.,T. Kelly,TRUE
"Kent, J",1044,7S,J. Kent,TRUE
"Kelly, T",1045,7S,T. Kelly,TRUE
"Kelly, T",1046,L.M.,T. Kelly,TRUE
"Kelly, T",1047,C.M.,T. Kelly,TRUE
"Kelly, T",1048,L.M.,T. Kelly,TRUE
"Kelly, T",1049,L.M.,T. Kelly,TRUE
"Wesley, C",1050,S.M.,C. Wesley,TRUE
"Steele, A",1051,C.M.,A. Steele,TRUE
"Toplady, A M",1052,112TH,A. M. Toplady,TRUE
"Wesley, C",1053,8.7.,C. Wesley,TRUE
"Wesley, C",1054,8.7.,C. Wesley,TRUE
"Swain, J",1055,8.7.4.,J. Swain,TRUE
"Medley, S",1056,L.M.,S. Medley,TRUE
"Wesley, C",1057,8.7.,C. Wesley,TRUE
Madan’s Selection,1058,7S,Madan’s Selection,FALSE
"Wesley, C",1059,S.M.,C. Wesley,TRUE
"Wesley, C",1060,112TH,C. Wesley,TRUE
"Wesley, C",1061,C.M.,C. Wesley,TRUE
"Kelly, T",1062,7S,T. Kelly,TRUE
"Kelly, T",1063,8.7.7.,T. Kelly,TRUE
"Watts, I",1064,C.M.,I. Watts,TRUE
"Haweis, T",1065,C.M.,T. Haweis,TRUE
"Doddridge, P",1066,C.M.,P. Doddridge,TRUE
"Toplady, A M",1067,S.M.,A. M. Toplady,TRUE
"Turner, D",1068,8.7.,D. Turner,TRUE
"Steele, A",1069,C.M.,A. Steele,TRUE
"Hill, R",1070,112TH,R. Hill,TRUE
"Wesley, C",1071,7S,C. Wesley,TRUE
"Toplady, A M",1072,C.M.,C. Wesley & A. M. Toplady,FALSE
"Wesley, C",1072,C.M.,C. Wesley & A. M. Toplady,FALSE
"Toplady, A M",1073,8.7.,A. M. Toplady (from the German),FALSE
"Wesley, C",1074,L.M.,C. Wesley,TRUE
"Tersteegen, G",1075,112TH,"G. Tersteegen, translated by J. Wesley",FALSE
"Wesley, C",1076,L.M.,C. Wesley,TRUE
"Wesley, C",1077,7S,C. Wesley,TRUE
"Steele, A",1078,L.M.,A. Steele,TRUE
"Steele, A",1079,C.M.,A. Steele,TRUE
"Steele, A",1080,L.M.,A. Steele,TRUE
"Steele, A",1081,L.M.,A. Steele,TRUE
"Swain, J",1082,C.M.,J. Swain,TRUE
"Steele, A",1083,C.M.,A. Steele,TRUE
"Steele, A",1084,L.M.,A. Steele,TRUE
"Steele, A",1085,L.M.,A. Steele,TRUE
"Steele, A",1086,C.M.,A. Steele,TRUE
"Steele, A",1087,L.M.,A. Steele,TRUE
"Wesley, C",1088,C.M.,C. Wesley,TRUE
"Kent, J",1089,C.M.,J. Kent,TRUE
"Kent, J",1090,L.M.,J. Kent,TRUE
"Kent, J",1091,L.M.,J. Kent,TRUE
"Kent, J",1092,C.M.,J. Kent,TRUE
"Kent, J",1093,C.M.,J. Kent,TRUE
"Kent, J",1094,C.M.,J. Kent,TRUE
"Watts, I",1095,C.M.,I. Watts,TRUE
"Burnham, R",1096,8.7.,R. Burnham,TRUE
"Kent, J",1097,11S,J. Kent,TRUE
"Watts, I",1098,C.M.,I. Watts,TRUE
"Hupton, J",1099,C.M.,J. Hupton,TRUE
"Newton, J",1100,C.M.,J. Newton,TRUE
"Williams, W",1101,8.7.,W. Williams,TRUE
"Kelly, T",1102,8.7.4.,T. Kelly,TRUE
"Toplady, A M",1103,8.8.6.,A. M. Toplady,TRUE
Anonymous,1104,11S,S. Turner or Bennett,FALSE
"Medley, S",1105,L.M.,S. Medley,TRUE
"Mote, E",1106,L.M.,E. Mote,TRUE
"Swain, J",1107,L.M.,J. Swain,TRUE
"Newton, J",1108,C.M.,J. Newton,TRUE
"Steele, A",1109,L.M.,A. Steele,TRUE
"Beddome, B",1110,C.M.,B. Beddome,TRUE
"Horne, W W",1111,7S,W. W. Horne,TRUE
"Watts, I",1112,L.M.,I. Watts,TRUE
"Berridge, J",1113,8.8.6.,J. Berridge,TRUE
"Newton, J",1114,C.M.,J. Newton,TRUE
"Newton, J",1115,L.M.,J. Newton,TRUE
"Kelly, T",1116,8.7.,T. Kelly,TRUE
"Kelly, T",1117,7S,T. Kelly,TRUE
"Zion’s Trumpet, 1838",1118,8.7.,"Zion’s Trumpet, 1838",FALSE
"Fawcett, J",1119,8.7.,J. Fawcett,TRUE
"Berridge, J",1120,112TH,J. Berridge,TRUE
"Watts, I",1121,L.M.,I. Watts,TRUE
"Cowper, W",1122,C.M.,W. Cowper,TRUE
"Steele, A",1123,L.M.,A. Steele,TRUE
"Kelly, T",1124,L.M.,T. Kelly,TRUE
"Kelly, T",1125,L.M.,T. Kelly,TRUE
"Newton, J",1126,C.M.,J. Newton,TRUE
"Kent, J",1127,L.M.,J. Kent,TRUE
"Berridge, J",1128,C.M.,J. Berridge,TRUE
"Barnard, S",1129,148TH,S. Barnard,TRUE
"Newton, J",1130,L.M.,J. Newton (altered),FALSE
"Turner, S",1131,L.M.,S. Turner,TRUE
"Kent, J",1132,8.8.6.,J. Kent,TRUE
"Kelly, T",1133,8.7.4.,T. Kelly,TRUE
"Browne, S",1134,8.8.6.,S. Browne,TRUE
"Kelly, T",1135,8.7.4.,T. Kelly,TRUE
"Kelly, T",1136,8.7.7.,T. Kelly,TRUE
"Kelly, T",1137,8.7.4.,T. Kelly,TRUE
"Newton, J",1138,7S,J. Newton,TRUE
"Watts, I",1139,C.M.,I. Watts,TRUE
"Watts, I",1140,L.M.,I. Watts,TRUE
"Watts, I",1141,L.M.,I. Watts,TRUE
"Newton, J",1142,L.M.,J. Newton,TRUE
"Steele, A",1143,C.M.,A. Steele,TRUE
"Newton, J",1144,8.7.,J. Newton,TRUE
"Scott, E",1145,C.M.,E. Scott,TRUE
"Watts, I",1146,C.M.,I. Watts,TRUE
"Watts, I",1147,L.M.,I. Watts,TRUE
"Watts, I",1148,C.M.,I. Watts,TRUE
"Newton, J",1149,8S,J. Newton,TRUE
Crosse,1150,8.7.,Crosse,FALSE
Boyce,1151,C.M.,Boyce,FALSE
"Flowerdew, A",1152,C.M.,A. Flowerdew,TRUE
"Burnham, R",1153,C.M.,R. Burnham,TRUE
"Denham, D",1154,C.M.,D. Denham,TRUE
"Newton, J",1155,C.M.,J. Newton,TRUE
"Irons, J",1156,C.M.,J. Irons,TRUE
"Hart, J",153A,L.M.,J. Hart,TRUE
"Hart, J",237A,8.7.,J. Hart,TRUE
"Hart, J",308A,S.M.,J. Hart,TRUE
"Ken, T",506A,L.M.,T. Ken,TRUE
"Hart, J",803A,C.M.,J. Hart,TRUE
"Hart, J",806A,8.6.8.8.,J. Hart,TRUE
"Kent, J",87A,L.M.,J. Kent,TRUE